Dataset,PointsNo,QT_FoundPoints,QuadTreeBuildTime,QuadTreeQueryTime,KD_FoundPoints,KDTreeBuildTime,KDTreeQueryTime
klastry,99,26,0.0006701000966131687,3.0100112780928612e-05,26,0.00021739979274570942,3.260001540184021e-05
klastry,999,289,0.011248999973759055,0.0002896999940276146,289,0.004378299927338958,0.00034900009632110596
klastry,9999,1788,0.13334030006080866,0.0022952998988330364,1788,0.08612770005129278,0.002381499856710434
klastry,99999,18764,1.8073293999768794,0.024866099935024977,18764,0.7235612999647856,0.025228200014680624
klastry,999999,330474,22.01045099995099,0.4570910001639277,330474,13.163937099976465,0.47221249993890524
