Dataset,PointsNo,QT_FoundPoints,QuadTreeBuildTime,QuadTreeQueryTime,KD_FoundPoints,KDTreeBuildTime,KDTreeQueryTime
kwadrat (boki+przekątne),100,7,0.000539399916306138,1.8799910321831703e-05,7,0.00017939996905624866,2.110004425048828e-05
kwadrat (boki+przekątne),1000,79,0.010570600163191557,0.00011479994282126427,79,0.0023240000009536743,0.00010489998385310173
kwadrat (boki+przekątne),10000,931,0.20284429984167218,0.001953599974513054,931,0.03813690016977489,0.0009905998595058918
kwadrat (boki+przekątne),100000,9398,2.67325280001387,0.019943300168961287,9398,0.6649915999732912,0.01295959996059537
kwadrat (boki+przekątne),1000000,35611,33.78044799994677,0.06494570011273026,35611,10.430657200049609,0.07108579995110631
