Dataset,PointsNo,QT_FoundPoints,QuadTreeBuildTime,QuadTreeQueryTime,KD_FoundPoints,KDTreeBuildTime,KDTreeQueryTime
obwód prostokąta,100,6,0.0007639999967068434,2.4399952962994576e-05,6,0.0002297000028192997,1.71000137925148e-05
obwód prostokąta,1000,49,0.010922499932348728,9.58999153226614e-05,49,0.002060699975118041,6.320001557469368e-05
obwód prostokąta,10000,537,0.16555320005863905,0.0010649000760167837,537,0.03315080003812909,0.0006713001057505608
obwód prostokąta,100000,4917,2.6117322999052703,0.01041430002078414,4917,0.5584992000367492,0.006573700113222003
obwód prostokąta,1000000,22363,32.84865469997749,0.04083180008456111,22363,8.281825799960643,0.03092280006967485
