Dataset,PointsNo,QT_FoundPoints,QuadTreeBuildTime,QuadTreeQueryTime,KD_FoundPoints,KDTreeBuildTime,KDTreeQueryTime
rozkład jednostajny,100,9,0.000426699873059988,1.700012944638729e-05,9,0.00018129986710846424,1.9799917936325073e-05
rozkład jednostajny,1000,73,0.007676000008359551,9.20998863875866e-05,73,0.0025490999687463045,9.20998863875866e-05
rozkład jednostajny,10000,464,0.11597300018183887,0.0006679000798612833,464,0.043694599997252226,0.0005852999165654182
rozkład jednostajny,100000,5992,1.7119169000070542,0.011362799908965826,5992,0.9520148001611233,0.011225200025364757
rozkład jednostajny,1000000,39212,21.192187500186265,0.0650504999794066,39212,14.884326699888334,0.062195400008931756
