Dataset,PointsNo,QT_FoundPoints,QuadTreeBuildTime,QuadTreeQueryTime,KD_FoundPoints,KDTreeBuildTime,KDTreeQueryTime
rozkład normalny,100,6,0.0005471999756991863,1.859990879893303e-05,6,0.00018400000408291817,1.4599878340959549e-05
rozkład normalny,1000,137,0.008007899858057499,0.00017290003597736359,137,0.0025903000496327877,0.00019729998894035816
rozkład normalny,10000,1127,0.14970800001174212,0.0022275999654084444,1127,0.058181799948215485,0.0020343998912721872
rozkład normalny,100000,17069,1.8059915001504123,0.024457799969241023,17069,0.8583211998920888,0.024900899967178702
rozkład normalny,1000000,586556,21.977878000121564,0.8852504999376833,586556,13.786031200084835,0.9071449001785368
