Dataset,PointsNo,QT_FoundPoints,QuadTreeBuildTime,QuadTreeQueryTime,KD_FoundPoints,KDTreeBuildTime,KDTreeQueryTime
siatka,100,4,0.0004938000347465277,3.9999838918447495e-05,4,0.00017950008623301983,1.5399884432554245e-05
siatka,961,48,0.007297300035133958,5.9999991208314896e-05,48,0.03268910013139248,6.909994408488274e-05
siatka,10000,378,0.15872179996222258,0.0007697998080402613,378,0.10091580008156598,0.0006086998619139194
siatka,99856,3481,1.4170435001142323,0.004425599938258529,3481,0.5329566998407245,0.004299500025808811
siatka,1000000,22748,15.536114699905738,0.026500399922952056,22748,5.323205499909818,0.02246110001578927
