Dataset,PointsNo,QT_FoundPoints,QuadTreeBuildTime,QuadTreeQueryTime,KD_FoundPoints,KDTreeBuildTime,KDTreeQueryTime
współliniowe,100,28,0.000743999844416976,4.300009459257126e-05,28,0.00022110017016530037,5.75000885874033e-05
współliniowe,1000,87,0.015974899986758828,0.00013930001296103,87,0.0025067999958992004,0.00012240000069141388
współliniowe,10000,1054,0.26563909999094903,0.001665899995714426,1054,0.039696200052276254,0.0017188999336212873
współliniowe,100000,18906,3.3662568000145257,0.03997390018776059,18906,0.6546428001020104,0.026316399918869138
współliniowe,1000000,491113,33.05366050009616,0.620051700156182,491113,9.472291399957612,0.7560535999946296
