cx,cy,hw,hh
-17.09056454163328,-13.76649302913432,7.470303760155968,6.4549226665425365
