cx,cy,hw,hh
2.993895218205283,2.1874862020824115,0.7204656267044149,0.8756428386099815
