cx,cy,hw,hh
12.312499999999993,51.304166666666674,10.354166666666671,8.895833333333332
