cx,cy,hw,hh
-5.881032933585444,0.8165287913092483,3.3631882933732724,2.40227735240948
