cx,cy,hw,hh
8.988095238095237,-1.523809523809521,2.8571428571428577,2.261904761904762
