cx,cy,hw,hh
9.31547619047619,0.8303571428571432,1.3095238095238093,1.0267857142857144
