cx,cy,hw,hh
-9.404496515163355,-6.998993879670804,2.4397320967123113,3.034788705666534
