cx,cy,hw,hh
29.175456966259908,-4.809239788263266,1.9944966916907347,3.9459004070719885
