cx,cy,hw,hh
27.86656851233786,-5.498206526005996,3.92666536176613,4.259067106045956
