cx,cy,hw,hh
-3.79606646825253,13.417062092021634,7.666346658686255,2.6306002713813292
