cx,cy,hw,hh
1.9539421743008047,1.1634286752515293,1.1316790029259078,0.9161210976066874
