cx,cy,hw,hh
8.108120371164551,3.965681444401397,1.2933474319153238,0.8514537260109214
