cx,cy,hw,hh
4.982530744035854,2.2304403065816714,1.3795705940430116,1.336459012979168
