cx,cy,hw,hh
8.678571428571429,5.742857142857143,1.3660714285714288,1.2053571428571432
