cx,cy,hw,hh
3.388392857142858,4.564285714285714,1.191964285714286,1.232142857142857
