cx,cy,hw,hh
3.4728193182043965,3.256139500430554,3.389797344965417,1.9901390863990516
