cx,cy,hw,hh
-4.553346008262107,0.5224319641681214,1.5308762203069626,2.0557480672693496
