cx,cy,hw,hh
-8.333333333333334,-0.9880952380952355,3.333333333333334,2.0238095238095237
