cx,cy,hw,hh
10.50595238095238,-2.565476190476188,2.529761904761905,2.2321428571428577
