cx,cy,hw,hh
1.0565476190476184,7.0654761904761925,2.0982142857142856,1.2500000000000009
