cx,cy,hw,hh
6.755952380952381,6.8571428571428585,2.3809523809523814,0.6845238095238093
