cx,cy,hw,hh
4.543175906165606,6.630072381093795,4.736543975898259,2.39750991372628
