cx,cy,hw,hh
-5.953239447831152,7.068641267751042,2.602175394166327,2.2513202848405296
