cx,cy,hw,hh
2.801020248153968,13.481591665478422,8.500477965242794,6.521918438850076
