cx,cy,hw,hh
4.212829998919145,1.633070584246982,2.738081277693442,1.5630342516387663
