cx,cy,hw,hh
169.7380952380952,375.9523809523811,94.04761904761907,60.71428571428575
