cx,cy,hw,hh
-3.657302059041485,0.11732270627006436,5.505953067120246,3.8769728697473926
