cx,cy,hw,hh
10.089285714285714,6.630952380952385,1.041666666666666,0.8928571428571441
