cx,cy,hw,hh
4.999665564504025,5.51710974842166,6.1003640691825245,0.2380629880656593
