cx,cy,hw,hh
3.8595164877379595,9.278230493885077,6.487350683821479,0.6249282768818869
