cx,cy,hw,hh
28.81656853581633,-5.2049467098158555,4.2376826481031316,4.386373267334816
