cx,cy,hw,hh
2.5595373213455286,1.543561497968057,1.0862058006276754,0.6761076922274305
