cx,cy,hw,hh
291.5625,114.28125000000003,34.6875,29.53125
