cx,cy,hw,hh
-6.5722743870929525,0.8053812681805335,4.501575979816184,3.1775830445761306
