cx,cy,hw,hh
9.880952380952381,-0.5714285714285685,2.321428571428571,1.9642857142857144
