cx,cy,hw,hh
9.404323430152827,0.8600789466184074,1.3094627560972292,0.967216808480908
