cx,cy,hw,hh
-8.654653991694591,4.305715009414744,3.301510243411535,2.617413526308244
