cx,cy,hw,hh
-1.1021233515844244,14.613322590100697,3.8508265332390863,3.565580123369525
