cx,cy,hw,hh
-0.8168769417148596,12.759220925948544,7.8442762714129515,2.9950873036304024
