cx,cy,hw,hh
8.382263492187882,4.47129866063713,0.43187785245788035,0.852681913827098
