cx,cy,hw,hh
7.075556143725575,3.264255431972796,1.3177811395509709,0.7087226296744711
