cx,cy,hw,hh
24.24107142857142,12.000000000000004,4.955357142857142,5.3571428571428585
