cx,cy,hw,hh
26.69642857142856,2.491071428571429,4.464285714285712,2.991071428571429
