cx,cy,hw,hh
3.793289448515667,-0.14672945558643402,2.491266551015416,2.38746377805644
