cx,cy,hw,hh
-0.7740325616792614,-3.7538758159108383,2.85457625637183,1.6867950605833553
