cx,cy,hw,hh
9.047619047619047,-7.535714285714284,3.2142857142857153,2.6190476190476195
