cx,cy,hw,hh
-8.988095238095239,-2.95238095238095,1.7261904761904763,2.1428571428571432
