cx,cy,hw,hh
8.94345238095238,1.2619047619047623,1.145833333333333,1.5178571428571432
