cx,cy,hw,hh
0.1041666666666663,5.636904761904764,1.205357142857143,1.6666666666666672
