cx,cy,hw,hh
7.750412848463153,3.0872156421032644,3.570339653725334,2.707507570741712
