cx,cy,hw,hh
10.368661927861732,-7.3560278450433385,4.165396262679556,3.272811349248223
