cx,cy,hw,hh
0.2559523809523811,0.6574404761904764,0.3363095238095239,0.2812500000000001
